datetime,CONTESTANT_A_robot,CONTESTANT_A_sloth-1,CONTESTANT_A_sloth-2,CONTESTANT_A_sloth-3,CONTESTANT_A_sloth-4,CONTESTANT_A_snail-1,CONTESTANT_A_snail-2,CONTESTANT_A_snail-3,CONTESTANT_A_snail-4,CONTESTANT_A_rabbit-1,CONTESTANT_A_rabbit-2,CONTESTANT_A_turtle,CONTESTANT_A_koala,CONTESTANT_B_robot,CONTESTANT_B_sloth-1,CONTESTANT_B_sloth-2,CONTESTANT_B_sloth-3,CONTESTANT_B_sloth-4,CONTESTANT_B_snail-1,CONTESTANT_B_snail-2,CONTESTANT_B_snail-3,CONTESTANT_B_snail-4,CONTESTANT_B_rabbit-1,CONTESTANT_B_rabbit-2,CONTESTANT_B_turtle,CONTESTANT_B_koala,CONTESTANT_C_robot,CONTESTANT_C_sloth-1,CONTESTANT_C_sloth-2,CONTESTANT_C_sloth-3,CONTESTANT_C_sloth-4,CONTESTANT_C_snail-1,CONTESTANT_C_snail-2,CONTESTANT_C_snail-3,CONTESTANT_C_snail-4,CONTESTANT_C_rabbit-1,CONTESTANT_C_rabbit-2,CONTESTANT_C_turtle,CONTESTANT_C_koala,CONTESTANT_D_robot,CONTESTANT_D_sloth-1,CONTESTANT_D_sloth-2,CONTESTANT_D_sloth-3,CONTESTANT_D_sloth-4,CONTESTANT_D_snail-1,CONTESTANT_D_snail-2,CONTESTANT_D_snail-3,CONTESTANT_D_snail-4,CONTESTANT_D_rabbit-1,CONTESTANT_D_rabbit-2,CONTESTANT_D_turtle,CONTESTANT_D_koala,CONTESTANT_E_robot,CONTESTANT_E_sloth-1,CONTESTANT_E_sloth-2,CONTESTANT_E_sloth-3,CONTESTANT_E_sloth-4,CONTESTANT_E_snail-1,CONTESTANT_E_snail-2,CONTESTANT_E_snail-3,CONTESTANT_E_snail-4,CONTESTANT_E_rabbit-1,CONTESTANT_E_rabbit-2,CONTESTANT_E_turtle,CONTESTANT_E_koala,CONTESTANT_F_robot,CONTESTANT_F_sloth-1,CONTESTANT_F_sloth-2,CONTESTANT_F_sloth-3,CONTESTANT_F_sloth-4,CONTESTANT_F_snail-1,CONTESTANT_F_snail-2,CONTESTANT_F_snail-3,CONTESTANT_F_snail-4,CONTESTANT_F_rabbit-1,CONTESTANT_F_rabbit-2,CONTESTANT_F_turtle,CONTESTANT_F_koala
2026-07-03,1.0,1.0,1.0,1.0,1.0,1.0,1.0,1.0,1.0,1.0,1.0,1.0,1.0,1.0,1.0,1.0,1.0,1.0,1.0,1.0,1.0,1.0,1.0,1.0,1.0,1.0,1.0,1.0,1.0,1.0,1.0,1.0,1.0,1.0,1.0,1.0,1.0,1.0,1.0,1.0,1.0,1.0,1.0,1.0,1.0,1.0,1.0,1.0,1.0,1.0,1.0,1.0,1.0,1.0,1.0,1.0,1.0,1.0,1.0,1.0,1.0,1.0,1.0,1.0,1.0,1.0,1.0,1.0,1.0,1.0,1.0,1.0,1.0,1.0,1.0,1.0,1.0,1.0
2026-07-06,1.0026226397563476,1.0,1.0,1.0,1.0,1.0026226397563476,1.0026226397563476,1.0026226397563476,1.0026226397563476,1.0026226397563476,1.0026226397563476,1.0026226397563476,0.9895952706927448,1.0127177255628494,1.0,1.0,1.0,1.0,1.0127177255628494,1.0127177255628494,1.0127177255628494,1.0127177255628494,1.0127177255628494,1.0127177255628494,1.0127177255628494,0.9888382857473391,1.0101572141015913,1.0,1.0,1.0,1.0,1.0101572141015913,1.0101572141015913,1.0101572141015913,1.0101572141015913,1.0101572141015913,1.0101572141015913,1.0101572141015913,0.9958329316184334,1.005372919105949,1.0,1.0,1.0,1.0,1.005372919105949,1.005372919105949,1.005372919105949,1.005372919105949,1.005372919105949,1.005372919105949,1.005372919105949,0.9822009317737928,0.9953886230348543,1.0,1.0,1.0,1.0,0.9953886230348543,0.9953886230348543,0.9953886230348543,0.9953886230348543,0.9953886230348543,0.9953886230348543,0.9953886230348543,1.0099422060475105,1.0051476716003784,1.0,1.0,1.0,1.0,1.0051476716003784,1.0051476716003784,1.0051476716003784,1.0051476716003784,1.0051476716003784,1.0051476716003784,1.0051476716003784,1.008044549476021
2026-07-07,0.9830186414523905,1.0,1.0,1.0,1.0,0.9830186414523905,0.9830186414523905,0.9830186414523905,0.9830186414523905,0.9830186414523905,0.9830186414523905,0.9830186414523905,0.968341278441271,0.9938177366107785,1.0,1.0,1.0,1.0,0.9938177366107785,0.9938177366107785,0.9938177366107785,0.9938177366107785,0.9938177366107785,0.9938177366107785,0.9938177366107785,0.9667702810105581,0.9885172054522892,1.0,1.0,1.0,1.0,0.9885172054522892,0.9885172054522892,0.9885172054522892,0.9885172054522892,0.9885172054522892,0.9885172054522892,0.9885172054522892,0.9678389357790884,0.9894949152726316,1.0,1.0,1.0,1.0,0.9894949152726316,0.9894949152726316,0.9894949152726316,0.9894949152726316,0.9894949152726316,0.9894949152726316,0.9894949152726316,0.95614493374113,0.9823186152286861,1.0,1.0,1.0,1.0,0.9823186152286861,0.9823186152286861,0.9823186152286861,0.9823186152286861,0.9823186152286861,0.9823186152286861,0.9823186152286861,0.9881662034450832,0.9946716711844307,1.0,1.0,1.0,1.0,0.9946716711844307,0.9946716711844307,0.9946716711844307,0.9946716711844307,0.9946716711844307,0.9946716711844307,0.9946716711844307,0.9880325271082595
2026-07-08,0.9743326375799348,1.0,1.0,1.0,1.0,0.9743326375799348,0.9743326375799348,0.9743326375799348,0.9743326375799348,0.9743326375799348,0.9743326375799348,0.9743326375799348,0.9561972729564698,0.979971742032075,1.0,1.0,1.0,1.0,0.979971742032075,0.979971742032075,0.979971742032075,0.979971742032075,0.979971742032075,0.979971742032075,0.979971742032075,0.9545242862274114,0.9773992209630462,1.0,1.0,1.0,1.0,0.9773992209630462,0.9773992209630462,0.9773992209630462,0.9773992209630462,0.9773992209630462,0.9773992209630462,0.9773992209630462,0.9537789446552093,0.9817449036380756,1.0,1.0,1.0,1.0,0.9817449036380756,0.9817449036380756,0.9817449036380756,0.9817449036380756,0.9817449036380756,0.9817449036380756,0.9817449036380756,0.9366769388925484,0.973294613413643,1.0,1.0,1.0,1.0,0.973294613413643,0.973294613413643,0.973294613413643,0.973294613413643,0.973294613413643,0.973294613413643,0.973294613413643,0.9785182115178558,0.9916196655896263,1.0,1.0,1.0,1.0,0.9916196655896263,0.9916196655896263,0.9916196655896263,0.9916196655896263,0.9916196655896263,0.9916196655896263,0.9916196655896263,0.9799265396510015
2026-07-09,0.9792646484843056,1.0,1.0,1.0,1.0,0.9792646484843056,0.9792646484843056,0.9792646484843056,0.9792646484843056,0.9792646484843056,0.9792646484843056,0.9792646484843056,0.9754732754715525,0.9748037404598977,1.0,1.0,1.0,1.0,0.9748037404598977,0.9748037404598977,0.9748037404598977,0.9748037404598977,0.9748037404598977,0.9748037404598977,0.9748037404598977,0.9772382818134062,0.9757112240731062,1.0,1.0,1.0,1.0,0.9757112240731062,0.9757112240731062,0.9757112240731062,0.9757112240731062,0.9757112240731062,0.9757112240731062,0.9757112240731062,0.9574489317740216,0.9826389116579314,1.0,1.0,1.0,1.0,0.9826389116579314,0.9826389116579314,0.9826389116579314,0.9826389116579314,0.9826389116579314,0.9826389116579314,0.9826389116579314,0.9472869257660255,0.9747766234697255,1.0,1.0,1.0,1.0,0.9747766234697255,0.9747766234697255,0.9747766234697255,0.9747766234697255,0.9747766234697255,0.9747766234697255,0.9747766234697255,0.981262194762479,0.9976176733897805,1.0,1.0,1.0,1.0,0.9976176733897805,0.9976176733897805,0.9976176733897805,0.9976176733897805,0.9976176733897805,0.9976176733897805,0.9976176733897805,0.9865805233172937
2026-07-10,0.9885766443544312,1.0,1.0,1.0,1.0,0.9885766443544312,0.9885766443544312,0.9885766443544312,0.9885766443544312,0.9885766443544312,0.9885766443544312,0.9885766443544312,0.963431279800985,0.9740617417780754,1.0,1.0,1.0,1.0,0.9740617417780754,0.9740617417780754,0.9740617417780754,0.9740617417780754,0.9740617417780754,0.9740617417780754,0.9740617417780754,0.9705382790987427,0.9836492172083522,1.0,1.0,1.0,1.0,0.9836492172083522,0.9836492172083522,0.9836492172083522,0.9836492172083522,0.9836492172083522,0.9836492172083522,0.9836492172083522,0.9657329434074199,0.9872389019193278,1.0,1.0,1.0,1.0,0.9872389019193278,0.9872389019193278,0.9872389019193278,0.9872389019193278,0.9872389019193278,0.9872389019193278,0.9872389019193278,0.9632449345148665,0.9809146149008436,1.0,1.0,1.0,1.0,0.9809146149008436,0.9809146149008436,0.9809146149008436,0.9809146149008436,0.9809146149008436,0.9809146149008436,0.9809146149008436,0.9948901971471943,0.9995716762707492,1.0,1.0,1.0,1.0,0.9995716762707492,0.9995716762707492,0.9995716762707492,0.9995716762707492,0.9995716762707492,0.9995716762707492,0.9995716762707492,0.9920785249014252
2026-07-13,0.958746104165399,0.9734415984201775,1.0,1.0,1.0,0.9619686452927328,0.9619686452927328,0.9619686452927328,0.9619686452927328,0.9681238393894557,0.9800285470904545,0.96057976909415,0.9288000061505015,0.9555087271700121,0.9883101188666374,1.0,1.0,1.0,0.9600177349404079,0.9600177349404079,0.9600177349404079,0.9600177349404079,0.9598777055168226,0.9653336179754682,0.9570381597748198,0.9338734645477375,0.9631301062471712,0.9869147108754925,1.0,1.0,1.0,0.9685372150022776,0.9685372150022776,0.9685372150022776,0.9685372150022776,0.9752535498543314,0.9750395904867162,0.9646950535207157,0.9409060485108312,0.965190213877605,0.9871800459187245,1.0,1.0,1.0,0.9708689122369616,0.9708689122369616,0.9708689122369616,0.9708689122369616,0.9782695195382605,0.9739705084227305,0.9674127354263743,0.9368570517625974,0.9585712044774599,0.9802092650667903,1.0,1.0,1.0,0.9563006165923743,0.9563006165923743,0.9563006165923743,0.9563006165923743,0.9626185147831283,0.9687376074890607,0.9557623239932784,0.9783364690105253,0.9902884601759592,0.9895376196766327,1.0,1.0,1.0,0.9838896735941614,0.9838896735941614,0.9838896735941614,0.9838896735941614,0.9757956817819157,0.9803913830389902,0.987367726509552,0.9769065733500568
2026-07-14,0.9893441134212729,0.9916236059518849,1.0,1.0,1.0,0.9778326523579977,0.9778326523579977,0.9778326523579977,0.9778326523579977,0.9906658363064003,0.996024540291925,0.9829937801213385,0.9446420044842939,0.9917887457137219,1.0212261326350334,1.0,1.0,1.0,0.9916217481189279,0.9916217481189279,0.9916217481189279,0.9916217481189279,0.9852737035638321,0.9843056280690631,0.9916141755986615,0.9553794524405824,0.9917700976575469,1.014388707070138,1.0,1.0,1.0,0.9955032114741441,0.9955032114741441,0.9955032114741441,0.9955032114741441,0.9964575499712858,0.9892675772347774,0.9940210514183432,0.9547040493989917,0.9831382165820447,1.0024920418419212,1.0,1.0,1.0,0.9848809090040425,0.9848809090040425,0.9848809090040425,0.9848809090040425,0.9952655311370752,0.9903185211515706,0.9867167298062612,0.9393850477400245,0.9817511964476499,0.9990832648434124,1.0,1.0,1.0,0.9736006156546066,0.9736006156546066,0.9736006156546066,0.9736006156546066,0.9850425004627964,0.9793576005395063,0.9753143152565865,0.9864664548969112,1.0063624635597905,1.0067656194613872,1.0,1.0,1.0,1.0006216719563092,1.0006216719563092,1.0006216719563092,1.0006216719563092,0.9893916860409709,0.9914333742277616,1.0053277234260418,0.9856785621680599
2026-07-15,0.9840600941013514,0.9884475987384915,1.0,1.0,1.0,0.9758006454334961,0.9758006454334961,0.9758006454334961,0.9758006454334961,0.9904738334940364,1.0000385444297593,0.9803737654467868,0.9296440095894348,0.9915407421653525,1.0272001370947426,1.0,1.0,1.0,0.9981317537120106,0.9981317537120106,0.9981317537120106,0.9981317537120106,0.9861497000630546,0.98817761693534,0.9952981753113225,0.949155460512414,0.9983041176653005,1.0259767254483085,1.0,1.0,1.0,1.0077052289188217,1.0077052289188217,1.0077052289188217,1.0077052289188217,1.0001515507548915,0.9953615805438688,1.0022990631220752,0.9518920488284062,0.9852862223653666,1.0057300501481083,1.0,1.0,1.0,0.988836916650638,0.988836916650638,0.988836916650638,0.988836916650638,0.9945215142039268,0.9894525007645392,0.9903527414732658,0.9323490519876625,0.9906852143004865,1.002941275220851,1.0,1.0,1.0,0.9775546258392149,0.9775546258392149,0.9775546258392149,0.9775546258392149,0.9990705127395779,0.9973216007471597,0.9808283320884831,0.9945704515023549,1.0167724711673898,1.0127816222403079,1.0,1.0,1.0,1.0064256756386782,1.0064256756386782,1.0064256756386782,1.0064256756386782,0.9940316904150185,1.0044773830466518,1.0143017423354566,0.9926405718148565
2026-07-16,0.9663021037549068,0.9750615995090924,1.0,1.0,1.0,0.9632546460208115,0.9632546460208115,0.9632546460208115,0.9632546460208115,0.9779798355057798,0.986182544190438,0.9653417692371637,0.9215159996147918,0.9747027358082921,1.0163061270972347,1.0,1.0,1.0,0.9874757434381237,0.9874757434381237,0.9874757434381237,0.9874757434381237,0.9738077022225862,0.9755556167144991,0.9816281689974167,0.9400754493164255,0.984550104146645,1.0116887090352584,1.0,1.0,1.0,0.9944452122187689,0.9944452122187689,0.9944452122187689,0.9944452122187689,0.9911475437595211,0.9855315847362356,0.9854030511562041,0.956220047864816,0.974790219594867,0.9955820421527716,1.0,1.0,1.0,0.9795349082169064,0.9795349082169064,0.9795349082169064,0.9795349082169064,0.9806915220095284,0.9753165074257862,0.9857767316703017,0.9276890409672272,0.9860312079462232,0.9954492739202585,1.0,1.0,1.0,0.9703346250771406,0.9703346250771406,0.9703346250771406,0.9703346250771406,0.9953244970085388,0.9967455950758021,0.9739463251544285,0.9868464619218213,1.0123404548915145,1.0105336103072489,1.0,1.0,1.0,1.004405663910685,1.004405663910685,1.004405663910685,1.004405663910685,0.9894616667611662,0.998219373610851,1.0105377355512566,0.9807105694931681
2026-07-17,0.9408841009144896,0.9462395927116208,1.0,1.0,1.0,0.9357966397935085,0.9357966397935085,0.9357966397935085,0.9357966397935085,0.961941833436361,0.9786265465129095,0.9374657671555067,0.885830014474472,0.9587607267585555,0.9982821163870603,1.0,1.0,1.0,0.9703477334118207,0.9703477334118207,0.9703477334118207,0.9703477334118207,0.9607816934404773,0.9685016137073617,0.9641581568403278,0.8996154662731828,0.9642101134609193,0.9891767133455042,1.0,1.0,1.0,0.9735512174256568,0.9735512174256568,0.9735512174256568,0.9735512174256568,0.9820975509961389,0.9783295861014897,0.9625850552526017,0.9154400657379655,0.9558302076821287,0.9730160432367537,1.0,1.0,1.0,0.9563349099846561,0.9563349099846561,0.9563349099846561,0.9563349099846561,0.9741855115570575,0.9677844962134288,0.9590587202789934,0.892861060353017,0.968539196594552,0.9763752686975884,1.0,1.0,1.0,0.9517626197448571,0.9517626197448571,0.9517626197448571,0.9517626197448571,0.9751405052747066,0.9805195951390916,0.9536203226707967,0.9638144736103786,0.9902104671033807,0.9846376253626746,1.0,1.0,1.0,0.9783576793386688,0.9783576793386688,0.9783576793386688,0.9783576793386688,0.9555396944915017,0.9780993883039331,0.98650973291253,0.9632845903379369
2026-07-20,0.9623938907804296,0.9690316124243847,1.016814200817735,1.0,1.0,0.9591155249131567,0.964100666699095,0.964100666699095,0.964100666699095,0.9621367744176991,0.9732671752651646,0.9605968564547617,0.895705830413623,0.9773492221566298,1.0248525806927293,1.02810157291623,1.0,1.0,0.996951014468825,1.008597737061454,1.008597737061454,1.008597737061454,0.9651969670181942,0.9556499989258022,0.9905639377976481,0.9078416073966347,0.9824180747184954,1.0120391245497975,1.0205305949276657,1.0,1.0,0.9981993738527838,1.0055872194183473,1.0055872194183473,1.0055872194183473,0.9959394757114423,0.9929679769367094,0.9830386220397194,0.9394309192404998,0.9496996725988429,0.972073882906211,1.004933023001406,1.0,1.0,0.9559203842978611,0.966426909401556,0.966426909401556,0.966426909401556,0.9592546888228203,0.9528034136247372,0.9562243038643546,0.8963269532710972,0.9894409756928415,0.9987728698136092,1.0114615896806685,1.0,1.0,0.9743110365489178,0.9696086319377158,0.9696086319377158,0.9696086319377158,1.0045667576540998,1.0015576036011933,0.9725745848966277,0.9840716964865971,1.01610065615006,1.0116780669374104,1.015705846914266,1.0,1.0,1.0045900988954348,0.9991076885610658,0.9991076885610658,0.9991076885610658,0.9766109248675463,1.0018736264837658,1.0118714898233407,0.9862413508445909
2026-07-21,0.9845618858470917,0.9911936128996065,1.034644190676972,1.0,1.0,0.9805775257840627,0.9791886576301856,0.9791886576301856,0.9791886576301856,0.9848267601532659,0.9998631649547386,0.9791808518845596,0.9161198380669571,1.0015772230077307,1.0440285820360375,1.0417115753904693,1.0,1.0,1.0145050155540705,1.0184277400391852,1.0184277400391852,1.0184277400391852,0.9899509542757168,0.9896179885302353,1.0080819473060187,0.9340536170557259,1.000000064474132,1.0296571319444907,1.0276266036056672,1.0,1.0,1.013503380318295,1.0092912281899278,1.0092912281899278,1.0092912281899278,1.0043054589865832,0.9984019568166398,0.9962486255897717,0.9519849290873147,0.9745136726399565,0.993467892577733,1.024791028701295,1.0,1.0,0.9773423923432986,0.9830369143318952,0.9830369143318952,0.9830369143318952,0.9876286792167236,0.9835214036764799,0.9736423173324016,0.913928956005161,1.0023029742684642,1.0097948600880637,1.0250655755674518,1.0,1.0,0.9837110282131265,0.9805126197650825,0.9805126197650825,0.9805126197650825,1.0076207716030225,1.0034456038249986,0.9844485635200148,0.985655706626987,1.015726652894084,1.0117700584990177,1.0227038185180526,1.0,1.0,1.0042220916556168,1.0048636619992128,1.0048636619992128,1.0048636619992128,0.9797329381724139,1.0006336172415682,1.0146334788122908,0.9911233390480655
2026-07-22,1.007383873770449,1.0113075881719744,1.0511601633752454,1.0,1.0,1.0015875014437385,0.9968666309678216,0.9968666309678216,0.9968666309678216,0.9993847672046756,1.0108211722274993,0.9943468236955456,0.9351838323412872,1.02214321856896,1.0684285750554887,1.067803566145315,1.0,1.0,1.0384790078345523,1.0446417309323994,1.0446417309323994,1.0446417309323994,0.9978269608539324,0.9923619992612598,1.0306779324862574,0.9363096221550824,1.0100920534054227,1.0410771153505627,1.0439325924935208,1.0,1.0,1.0257233636471155,1.0268152161246547,1.0268152161246547,1.0268152161246547,1.0172034588323517,1.0111399625388484,1.0076266121794464,0.9719489237693881,0.9841776770996953,1.0037098906380926,1.0353270181733714,1.0,1.0,0.9892723900256931,0.993066904298355,0.993066904298355,0.993066904298355,0.9898506835041064,0.9869694117546036,0.9864063163262426,0.9196649614200548,1.0160329671370933,1.0142048553593153,1.0290255766885592,1.0,1.0,0.9882910230189105,0.9851606201777451,0.9851606201777451,0.9851606201777451,1.022658753773472,1.013753597006216,0.9922085694500992,1.001297705630057,1.0334506509352606,1.0269640584839679,1.0361898172896855,1.0,1.0,1.0200220914527445,1.0184136602300105,1.0184136602300105,1.0184136602300105,0.9944389293331396,1.0033116041540895,1.0308474793088094,1.0018973586810385
2026-07-23,1.0496238812675645,1.046095595613991,1.076886174693928,1.0,1.0,1.0362335093081088,1.020070642345351,1.020070642345351,1.020070642345351,1.0305147738355473,1.0429551765282954,1.0273188313316204,0.9266958303932691,1.0603532127746231,1.110032568424693,1.0962895654636164,1.0,1.0,1.078577000971221,1.0712957294482646,1.0712957294482646,1.0712957294482646,1.026378966330057,1.0233600044062086,1.0690359313462143,0.9248356170645055,1.037290065020598,1.0634991217351424,1.0602925911750685,1.0,1.0,1.0463133699922555,1.0420072163952683,1.0420072163952683,1.0420072163952683,1.0389554681849906,1.0308939745853873,1.0345726166006377,0.9668629291340118,1.0209196755171523,1.0398718878828992,1.0581270263499176,1.0,1.0,1.024122387647866,1.0136129113610863,1.0136129113610863,1.0136129113610863,1.0167526910735503,1.014401418800166,1.015228317019201,0.912104959115385,1.035102966842925,1.0322568625169668,1.047915577269108,1.0,1.0,1.0052970298935275,1.0022446204419309,1.0022446204419309,1.0022446204419309,1.0343067696368082,1.0220076059525762,1.0096705662129593,1.0118097017480676,1.0445166623664313,1.0385380690067825,1.0486178315420462,1.0,1.0,1.0307401016732876,1.0301276736172713,1.0301276736172713,1.0301276736172713,1.0003309252453572,1.0104576113786519,1.042851495106062,1.0088153520373313
2026-07-24,1.0115278831677972,1.005209598616356,1.0378441786955122,1.0,1.0,0.9955355119844135,0.9832006457384657,0.9832006457384657,0.9832006457384657,1.0012027668606036,1.010953174029363,0.988528844382363,0.8967798382090931,1.021179235283231,1.0685085926876172,1.0548115856637992,1.0,1.0,1.0387370247500523,1.031607747994459,1.031607747994459,1.031607747994459,0.9998509740083399,0.9969260016740547,1.0259179581900297,0.8934216271776407,1.0061060648456148,1.026951136426099,1.0282385993334984,1.0,1.0,1.0113353836486623,1.0111112218172291,1.0111112218172291,1.0111112218172291,1.0184634587025845,1.0150079647035042,1.0040546241658797,0.935324923328604,0.9961736883642461,1.0106299049136362,1.0300470455716026,1.0,1.0,0.9963664042922343,0.988322929693491,0.988322929693491,0.988322929693491,0.9923046940283026,0.9873754143874366,0.9885123221218638,0.8855229612779304,1.0089309747635387,1.0072628639781727,1.0255155814150199,1.0,1.0,0.9811010305804039,0.9809246234013894,0.9809246234013894,0.9809246234013894,1.0142487639846451,1.0011036080687927,0.9859485651982929,0.979533699466284,1.031582649056212,1.024714057512714,1.0306158313507034,1.0,1.0,1.0172500895836674,1.0126716731790486,1.0126716731790486,1.0126716731790486,0.9835309113018981,0.9885676128511987,1.0268754800375262,0.9817653518436383
2026-07-27,1.024702972388652,1.0199011575731751,1.0494253715050361,1.016382487839154,1.0,1.0094500383695022,0.993020653801067,0.9953526455324674,0.9953526455324674,1.014184657737748,1.0212304996651804,1.0031521673027037,0.9057377474013614,1.0353275559864963,1.0823767557358417,1.0640683047897062,1.0133661480187626,1.0,1.0519898998906994,1.0395053260805591,1.0399957356876033,1.0399957356876033,1.0101715033628904,1.009853979327046,1.0391408938600573,0.9014714368314785,1.0198236803703058,1.0403015448467359,1.0383764705498417,1.0167056094124236,1.0,1.0261586336222408,1.0199854562771615,1.0250071557617002,1.0250071557617002,1.0201972264127974,1.0081828978638736,1.0196891892806528,0.9445261802282627,1.0100724031277264,1.0247531155621272,1.0382640033193349,1.0095824355486325,1.0,1.0102660883313936,0.9952885883428273,0.997824919144256,0.997824919144256,1.002955121158079,0.9964218704130894,1.0020307598410532,0.8950104006593768,1.0173748397130993,1.0164496681158817,1.0354722640993599,1.0084145286629913,1.0,0.9896531200683911,0.9896376117963522,0.9893966236902363,0.9893966236902363,1.020276883245019,1.0113300289668825,0.9958406325160497,0.9887580902207853,1.0323342570484548,1.0261107234767552,1.0320699762897545,1.0064506640086315,1.0,1.0184902930394213,1.013787943301115,1.0175376715384503,1.0175376715384503,0.9849747679947229,0.9941531592303907,1.0310381412762666,0.9912921872842976
2026-07-28,0.9999709614240118,0.9966851570976288,1.0314113708296284,1.001044496543342,1.0,0.9876960362396968,0.9778906532532381,0.9829326529628283,0.9829326529628283,0.997690661399204,1.0021785068901807,0.9863781718985065,0.885877750146268,1.0172975625294667,1.0625547634307544,1.0491483072342522,1.004066150941341,1.0,1.03306590737835,1.0267273290759644,1.0317497397287354,1.0317497397287354,1.0017795149183104,0.999171986467907,1.0230689005247195,0.8851234360970366,1.003815672127652,1.0210995372485026,1.0228144596879338,1.0040056097481962,1.0,1.0054386250895135,1.0070734435212378,1.0099791518255863,1.0099791518255863,1.0216632351346684,1.013712904868834,1.0025631932482728,0.9261401831804766,0.9915923911582019,1.0092411073376375,1.026259996032803,0.9991224329981551,1.0,0.9940280796934783,0.9849005810749178,0.9880789170235359,0.9880789170235359,0.9896191083770376,0.9839838671467476,0.9883847488254229,0.8802464094486242,1.013478835833102,1.0080156644743168,1.0255382625746976,0.9968965294705797,1.0,0.9821631169037581,0.9813996114428736,0.9790006243264907,0.9790006243264907,1.0194788873976854,1.0046300304232403,0.9878646296737269,0.9879820886116164,1.0255202485829573,1.0158647134945025,1.0212519729262939,0.9922326677278767,1.0,1.008424283112362,1.0040839404577937,1.0041096747375753,1.0041096747375753,0.982540761432143,0.9937911560804542,1.0209401389944777,0.9846441789393201
2026-07-29,1.018976953642812,1.0164171438731104,1.0517113595405059,1.0175524744353037,1.0,1.0074780248025093,0.9970086440090415,0.9997526345628175,0.9997526345628175,1.0098986497736089,1.010856499729543,1.0045141632618904,0.8867917602299772,1.0370615531958012,1.0837727463150406,1.0697822952003964,1.0244821396195638,1.0,1.0532258905518312,1.0457173188577302,1.0519337291285156,1.0519337291285156,1.0094214979056528,1.006781982021923,1.0423748853506658,0.8866134383047519,1.015957682674271,1.0347875446377237,1.0397104636967325,1.0140596084456048,1.0,1.0192486329754984,1.0233514505921217,1.0184071536346462,1.0184071536346462,1.034009220883268,1.0264689005263057,1.0178791924673822,0.9310041826750289,1.0039003706034895,1.0256230768694925,1.043179966791881,1.0144884061740094,1.0,1.009998050063868,1.0005625530994673,1.0025808902954412,1.0025808902954412,0.9936611058078769,0.988807863605247,1.004686725860588,0.8905023994787935,1.0248748420297022,1.021473669512178,1.0394782562220983,1.0097265187989297,1.0,0.9952871230600461,0.9948976061461289,0.9918026159286953,0.9918026159286953,1.0271368804086671,1.0173600266883738,1.0009386368417483,1.0022500695661556,1.040316258312554,1.0319087250804257,1.0373979833768796,1.00756867309275,1.0,1.0240542951768725,1.0196119515811293,1.019125681214185,1.019125681214185,0.9900027720158575,1.00017915716543,1.0350861515210474,1.0034981808584578
2026-07-30,1.0071109574898331,1.009475145216386,1.0487753646430436,1.0140164861148686,1.0,1.002026025654398,0.996132648340162,0.9992686454381133,0.9992686454381133,1.0006926528182183,1.0029804995275453,1.0025941561156422,0.8672837557814688,1.0348995597923323,1.0865207543807074,1.074744300535002,1.03136614596541,1.0,1.0562598989783936,1.0520093228560725,1.0603537343339564,1.0603537343339564,1.005927506146493,1.0031759838730996,1.0444188902563336,0.8696174354677465,1.0181456755132916,1.0336375403349294,1.042452461649782,1.017975608633132,1.0,1.016462627472529,1.028403446895967,1.0207311502034928,1.0207311502034928,1.0477272365450305,1.0440829090805117,1.0168811922059668,0.9150921910773536,0.9942703913736901,1.0190951027760096,1.0394999899968242,1.0124924259424881,1.0,1.002410077683934,0.9974485758899934,1.0001129106377578,1.0001129106377578,0.9893731162350035,0.9843638813214478,0.9964927422846018,0.8769384115809451,1.0292768442781106,1.020395675824403,1.0381042729915024,1.006010534453382,1.0,0.9948171279080514,0.9947776206591883,0.9893646291030529,0.9893646291030529,1.0406569067573184,1.0260420392754204,0.9999406472425983,1.0120800831255412,1.0491862602956539,1.0391527300465857,1.0427619875109069,1.0049146919573126,1.0,1.0312663000239548,1.0256779554422808,1.0172797001105927,1.0172797001105927,0.9998987780767687,1.0097171718569806,1.0377341680459915,1.0080281908596143
2026-07-31,1.014794957163902,1.0146311390770337,1.0562833587593576,1.0316104746079402,1.0,1.0062980190460227,1.0024266412922962,1.0153626315024158,1.0153626315024158,1.0098306546132232,1.0113105035568593,1.0171621553427204,0.8805337562189574,1.0374315519016155,1.0887407429233913,1.0749382980239348,1.035300143538972,1.0,1.0581878863797525,1.0511393201724153,1.0638157308808383,1.0638157308808383,1.0057654993278247,1.004681979283815,1.0459148900407575,0.882765431877035,1.0260416743120455,1.0443735384225392,1.0475844648302763,1.0221456075100486,1.0,1.028274626139026,1.0319754501120337,1.0260691526681103,1.0260691526681103,1.0405072286499568,1.035552906909861,1.0247791922038327,0.9275621878269589,1.0032523954521142,1.0238631026595901,1.040789996685253,1.0244604284967893,1.0,1.0080000757581056,0.9985605824730297,1.0122989131593665,1.0122989131593665,0.997541107501882,0.9883518596174603,1.0059147553713834,0.8921263972897899,1.0351268330603376,1.0287376627739946,1.0460702638506951,1.0128985239442216,1.0,1.0026571156179962,1.0016636127282528,0.995442620069824,0.995442620069824,1.0457168920123514,1.030926032327212,1.0099686225872344,1.0106860703655622,1.0524262515100797,1.0426587200102209,1.0485979744383438,1.0122586620464502,1.0,1.034434289917712,1.0305379426562082,1.0239516704617015,1.0239516704617015,0.9980667606885874,1.0095691506975135,1.0454881392428514,1.0115361838809784
2026-08-03,1.019529569368286,1.0230766626639956,1.0620760522511956,1.04178658132737,1.0063551643924191,1.0142642700256352,1.0064032531592824,1.0239658323051137,1.0212446371037711,1.0157728966484227,1.0163873673276864,1.0221896405752113,0.8718768245523678,1.041685964673562,1.0936862993709844,1.0773036690930213,1.0373425591878431,1.0053415058562516,1.0626542571701032,1.051717628532753,1.064152710612375,1.06384973127882,1.0018363768129954,1.0012739092402339,1.0475586823684053,0.8731005432418583,1.0306471876041627,1.0495285333919582,1.0522288570135194,1.024578078622572,1.0059535423014523,1.032444066404272,1.0349064337154121,1.0258780629423732,1.0244791355236467,1.0396125283966118,1.0365188763145166,1.0266325172869961,0.9186559237500752,1.0069246452156746,1.0350812309699837,1.050139569230178,1.030341078031661,1.0032140470467283,1.0186737927266734,1.006792404997118,1.0157076917108834,1.0134289006823418,0.991533094235864,0.9812582692022366,1.0097708012697157,0.8863728301348731,1.0364645787705362,1.0287877529151717,1.0459169246663047,1.0135760433319196,1.0026733235955452,1.002406620065361,1.000824031459293,0.9954729348435354,0.9953966271534186,1.051687148806999,1.0374759309487533,1.0112979022207256,1.007782526177242,1.0505653983513992,1.0423565651630295,1.0476790607048851,1.0105225056025477,0.9980458808658346,1.0338789151294634,1.0292843658572501,1.021662540079972,1.019987666124397,0.9977236843748332,1.0132070903208545,1.0459230726479973,1.015286583800389
2026-08-04,1.0387455848810343,1.035236687055611,1.071100067744837,1.0490486001267791,1.0119511798370424,1.0259742940301977,1.0139332670015613,1.0288858492679487,1.0248846513450574,1.042408901898745,1.0354733720972673,1.034133655699583,0.8767468298965448,1.0575239759715975,1.0990403140295182,1.0819856656838913,1.041180557758018,1.0036415107290029,1.0677962711125653,1.055637624050679,1.0675007077750116,1.061367735252886,1.026512372241135,1.0237279091231395,1.0535786881266729,0.8782645360752925,1.0351272082243101,1.0493165587910096,1.0600788855153276,1.0267161055616387,1.0089475531044283,1.034194095550128,1.0410984626869797,1.0261120882984842,1.0265291456730028,1.0336145259213723,1.0331948740997172,1.0275285409326687,0.9272979273655652,1.0231006546405674,1.0439732458542441,1.0559375748798123,1.034449091673709,1.0078160577008095,1.0278918053250439,1.0109024089277434,1.0188977052059525,1.0172449119886178,1.0265890967272266,1.0227162729938657,1.018420818620938,0.8872988320807152,1.0295446016571375,1.019739764254737,1.0436449377353876,1.0100600576583205,1.0050633169414465,0.9930906324090544,0.9979440453421512,0.9913129505319664,0.9953126230061622,1.0491111726173115,1.034789941627678,1.0086539113279767,0.999730528651894,1.039725421523362,1.0310186003992523,1.0404830929677116,1.00473452572547,0.9992138833468318,1.0227109502906788,1.0219723983806168,1.0154805612427333,1.0192116711697103,0.9919016982445532,1.0110150890072218,1.0395390799256208,1.006850573501891
2026-08-05,1.063635575861738,1.0608686766035098,1.0933260728380356,1.0700685982270546,1.0299931751829747,1.0505702842850475,1.0340852728529648,1.0483138488274497,1.0426226476959173,1.0717268911243256,1.0579353605146133,1.0535676662936515,0.8929788183199503,1.0818819627413572,1.1188662986490336,1.1045156667559546,1.0601985616176786,1.0160915085264879,1.086740256494376,1.0772736251831805,1.0870447131493182,1.0747277337983436,1.0510423753758111,1.0454759114372427,1.0764206796426525,0.8942265455161197,1.0422032102914114,1.0581365601768933,1.0756328905023063,1.0384240984907867,1.0234275623810523,1.0432420979927237,1.0543704677142964,1.0360260833566972,1.039359157494582,1.032178519869015,1.0365188626628397,1.0407805423113365,0.9514319157388943,1.0488006335321085,1.064193228196489,1.0748995612990455,1.049701071205405,1.0188640459350249,1.049127787409173,1.028676394337108,1.0337176831159531,1.0285708968940301,1.0562830816687645,1.05892826144067,1.028142800831614,0.9015648275981054,1.0357605992611294,1.0356957565163005,1.0651309222808736,1.0212160465688698,1.0192033111842316,1.0083106244552735,1.0177040307441867,1.001672939914131,1.0070846180146054,1.056835157769476,1.041619933401681,1.018821908701767,1.0099585246641771,1.0433554127002225,1.0319785806833075,1.043343072212489,1.0103965185553074,1.010767879773794,1.0234409308161703,1.0241383779223245,1.0206425536278718,1.028825667347189,0.9967016949316911,1.0170470927270978,1.0490310688639934,1.0142805859505686
2026-08-06,1.0619515755692477,1.0575566733224624,1.0928420570110238,1.070682588309997,1.0318491615969176,1.0464882809441964,1.0341312589253322,1.0483098391729704,1.043766634019129,1.0775888904918172,1.0622833657861415,1.0528856484876878,0.8960088254571668,1.0891039689763473,1.1160062961984176,1.1030896564570278,1.0589665567072628,1.0152995026341702,1.0844302552204388,1.0766876169690343,1.0870447101334548,1.0752157301384317,1.062344368452647,1.05693991072375,1.0775806787839453,0.8940225496577049,1.0375852057931456,1.0547045500729204,1.0694368752978662,1.0368880894913255,1.025997549265944,1.0394640871066942,1.049202454562458,1.0356820746556863,1.0417191439994755,1.0359185331041252,1.0404768703716978,1.0390265360117408,0.9486719229095257,1.0543346424598048,1.0607852319718585,1.0684135587308323,1.0428330769628045,1.0140620482468525,1.0466477917540538,1.0232903937793036,1.027865690692497,1.0245809017513936,1.0754371040154134,1.07678828113699,1.0235688057597878,0.8954888305819164,1.0281106018518724,1.0290737700444417,1.0591009379074838,1.0153980548171126,1.0146793170923467,1.0022446376670697,1.0124820455180825,0.9963069468323109,1.0023006227432443,1.0523631650763698,1.0379279469741782,1.0125939118671528,1.0181525369224242,1.0392994305558971,1.0266345940396324,1.0379050882144933,1.003932529556732,1.0075858916514508,1.0186789444604616,1.0193683945787908,1.0147845661080197,1.0252296800185847,0.9883757098609207,1.0080151103620978,1.0447330936966654,1.0181266002649294
2026-08-07,1.085573581038539,1.077460677037948,1.1134860725771218,1.0887905994047617,1.0421031717048148,1.0660282859594126,1.0527672744161454,1.0648658522292334,1.0524766468797377,1.106706909091831,1.0870493755521338,1.0684716538278671,0.9036308324096981,1.1107519692691288,1.1302503092358323,1.1187876795917775,1.0736785740240395,1.025965525969679,1.0980722665695517,1.0909576387652289,1.101868727183861,1.0862037543255885,1.0854203863075065,1.0790039292442275,1.09321870607156,0.9093765548584521,1.048949217421474,1.0686305671075604,1.0851908902621874,1.0521881189037747,1.0411355657951842,1.0525961012879141,1.0636944670883222,1.0497121012937287,1.0552191593634717,1.0380325286480523,1.0457808781751703,1.0505005504195102,0.9590239306972287,1.067776644236937,1.071853237143954,1.0767695705157259,1.0507010870086695,1.020720058363511,1.0573217961235293,1.0297244030015609,1.03464370002228,1.0299769117402673,1.1047870928936099,1.1042742753688772,1.0316668067308197,0.9058948350947571,1.028924589533813,1.0321677512895524,1.0646009216402812,1.016540046813777,1.0190713113716587,1.00510661914859,1.0176220302734298,0.9974969400293616,1.0063066164495407,1.0559631646812186,1.0385299439462818,1.016383913033667,1.0233325215066436,1.0401514264494316,1.0280905912792833,1.0430090799308314,1.0074025181142823,1.0119878879176394,1.0200109415162752,1.0241603864441602,1.0182505545474667,1.029331676153452,0.990831706341495,1.01225710912418,1.0481190866004007,1.0271845745908885
2026-08-10,1.0940466838206955,1.0940540556636724,1.1345673347613847,1.1136384237146648,1.0626466246627293,1.081776389088776,1.0715127893656944,1.0872846102701206,1.0712052185379222,1.1105420938231598,1.0908070963063272,1.0813805751978691,0.9124993823025241,1.1262109770687536,1.1445048450707327,1.1320999606955442,1.091301104805492,1.0442720707906847,1.1114629327240944,1.1027458628762288,1.1193886718261163,1.1052380002771858,1.091763399558365,1.0898970174449292,1.1101037697672569,0.9157165632696149,1.0574156261333734,1.079410950833887,1.1018293847953162,1.064032709594534,1.0522197587152733,1.0627304854185826,1.0800189669784017,1.0621365294028402,1.068316422987084,1.0497719554257225,1.054932058531404,1.0650071550426383,0.9629437716190548,1.08106331088753,1.0856666389603193,1.0885536601852532,1.066744259062235,1.0323568341644396,1.0711251985809758,1.04125913840764,1.0506539789870177,1.0413009856565418,1.11165511489571,1.1173897909838406,1.0378259812565822,0.9153226123397742,1.0354468175740286,1.0413315702567287,1.0786915054579433,1.0292855637281135,1.0326967263427533,1.013688129310198,1.0307145734766503,1.0098388913696617,1.0199456094433044,1.064753487383399,1.0452941246587524,1.0291822853438042,1.0307234636696923,1.0512221316467583,1.039811492946464,1.0580841613246355,1.021045121714455,1.025834840716118,1.0313287563661366,1.0385714669099515,1.03196394301274,1.0429904683012066,0.9996499585067063,1.0186506364615544,1.0619662845179836,1.038999329134577
2026-08-11,1.0872306753351648,1.079294056388885,1.1153173520995603,1.0922884253042866,1.0424926249930366,1.0679263895883273,1.05430080687323,1.0672066144635997,1.0517572210117287,1.1051860782960563,1.084183083502792,1.066252560799988,0.9014793990761029,1.1046809629934438,1.1219168376731679,1.1110799707052452,1.0731471121896425,1.0275340758598037,1.0903889262682402,1.0832178756734991,1.1010706806457224,1.0879020078476391,1.0892074032378694,1.0860950287822746,1.0930177699409733,0.8989345758294912,1.0538096253930056,1.0724889476722939,1.0889533877542252,1.0505507178312825,1.0406837724119713,1.0567944840095003,1.0683229718734533,1.0496285397351153,1.057508439723628,1.0400339577477298,1.0461300569693728,1.059751157176733,0.943949770611811,1.0703652951814853,1.0659806254710784,1.0737836511628494,1.0533382458048417,1.0209688268202457,1.0513371849398883,1.027873130372049,1.0379919667845834,1.0303809793268612,1.1068071194494997,1.1105718095169568,1.0317759590389775,0.9003746259345383,1.0249388139333424,1.0311535690988263,1.0575575092929388,1.0088095625081641,1.0188887215008138,1.0041661282205636,1.0104365769036459,0.9892228895741575,1.0061696052378764,1.0514874832835233,1.032066139091638,1.0148702902283167,1.014861470764381,1.0401921359842672,1.032381496189353,1.0508121664371568,1.0185311278716418,1.0222368380508682,1.0241647599876762,1.0317954726876333,1.029579949746415,1.0394064663064668,0.9872999746963008,1.0089626447586482,1.053376282426303,1.0275393505031092
2026-08-12,1.098758698417245,1.0886660751332917,1.12439337029037,1.1011704461118452,1.0523086338481478,1.0766244080575478,1.062176822280238,1.0747186307275631,1.060705225601906,1.1124820830190094,1.0900130899034188,1.0748705758030994,0.9071953868981274,1.1165089799105457,1.1361208610569888,1.1241799793417515,1.0853131170736106,1.0357280780004945,1.1040469496002658,1.0959158811770555,1.113324683787737,1.095916006782432,1.0897154119422827,1.0814790307149327,1.1042777613192563,0.9082925659082329,1.054565626039973,1.0755969552159905,1.092663386760456,1.0592007162231802,1.0532757648785744,1.0587584893710433,1.0706469696815992,1.0570425362097107,1.0673224295966188,1.0381479719271833,1.045260064660016,1.0662351522040916,0.9474217628085742,1.074757318626175,1.0739186539637062,1.080631682647501,1.0600802781091128,1.0270668490998396,1.0591112130398583,1.0337571588932413,1.0442419975911839,1.0358769993998604,1.107629118469803,1.1090158028360235,1.0347319958853538,0.9122686032236623,1.0271268356856094,1.0330575857539908,1.062679518478309,1.013333578184214,1.0207667378085201,1.005714143625434,1.0151105840162098,0.9935489038891865,1.0076656196046794,1.0540474921850764,1.0319581292857358,1.0186042966945013,1.020053461954972,1.043956141190484,1.0349975053482556,1.054650173178566,1.0211651337801697,1.025702846154177,1.0268067683611324,1.035429478025871,1.0319939553115374,1.0429044736976205,0.9898739628264683,1.0077766475092351,1.056842299788505,1.0311693366121955
2026-08-13,1.0793806927209746,1.0648840736073857,1.0971613665264552,1.072400446729302,1.0252106396605247,1.0534144063275361,1.0369148196662552,1.046676633175221,1.0334152339672114,1.1001760711440414,1.0792510725975928,1.0541565800287807,0.9015133958085177,1.0996649700904222,1.1148528544418872,1.0993799776322073,1.055747120196937,1.0044420877652682,1.083600943686353,1.0718758817563605,1.0828686896203956,1.0623280202678946,1.0866833959878013,1.0788310154718244,1.0799797750421325,0.9048985755751898,1.047107624250353,1.0623669544419105,1.078505393413642,1.0398767251600494,1.0326737719858827,1.0469244897486494,1.057470975827778,1.037558546715346,1.0458824396478783,1.0301939505946638,1.0376020472545684,1.0514151688541455,0.9424657812612136,1.062379296215912,1.0581546307800498,1.0632496556374278,1.041602254658094,1.010776833687992,1.0432871897512557,1.017577133620569,1.0264999743703977,1.0213009850048842,1.1035271104210342,1.1054297847941574,1.0283599648903265,0.8969746240378156,1.0200128371183859,1.0247415870380747,1.050963524167545,1.0013235753319065,1.0088467312591047,0.9980921455669607,1.0041785908224248,0.9815109015764155,0.9955696147486706,1.0452034942190513,1.0221001367680949,1.0094582996138535,1.0134174663073088,1.0333601419371483,1.023813507907351,1.0429421724063752,1.0082291329488327,1.0148708483822446,1.0159867716904387,1.0243114776790796,1.0190999549873176,1.0317944754374002,0.9864559697041875,1.0059986471508913,1.0460922960897958,1.0171893434569363
2026-08-14,1.0926206931387639,1.072482065769846,1.1002633610876287,1.074882443799209,1.028256629786807,1.0610343979974974,1.0401608144989882,1.048782629891218,1.0360972233862793,1.1112380794829375,1.0879090865000733,1.0614325709407675,0.8982953917863888,1.1091209619384352,1.1242248463689637,1.1041619679175103,1.0601571106580663,1.0064020761276542,1.0932289349898194,1.0771458718403273,1.0882346786374306,1.0648020067164525,1.0891913969651186,1.0737610181874528,1.0865357607179273,0.9022805632707159,1.050699618372096,1.0663329431913375,1.0816053750993426,1.0437527082068117,1.036521755176369,1.051862476583936,1.0597889583864337,1.0398965291607698,1.0474984215265872,1.0279799531495681,1.0354680497261708,1.054847143291128,0.9417457694067827,1.0702952867770668,1.0676986326346587,1.0702156526232536,1.0443622579873886,1.014116833537144,1.0529911911124836,1.0234191303427327,1.0283899782386863,1.0236469842747011,1.1046611158200925,1.1000357928258273,1.029383970079204,0.8925466135582062,1.0167248269436366,1.021391574053974,1.0457875166049415,0.9983215697533804,1.004618729010365,0.9948501324267616,0.9991245833114609,0.9784708968516667,0.9910196135270731,1.0443034953752137,1.0215921448736338,1.0052182892566923,1.0155554743933377,1.0285761411435441,1.018713502807686,1.0374321592546734,1.0035871191098382,1.0070328363060004,1.011218765763025,1.0191894650726738,1.014757941054931,1.0241604642385962,0.9830059696204273,1.0039586601039892,1.041778285019545,1.0114673271281538
2026-08-17,1.1189243225181325,1.1002024309328973,1.1271089197904811,1.0987492788296882,1.0492968306444883,1.0879020651032714,1.0656764576879738,1.072047888324854,1.056716194776804,1.1276401185243574,1.103609036741975,1.0812199836242216,0.9066977783957054,1.1232254905100645,1.1404295547881433,1.120007348550852,1.0743260107804995,1.0222269240458903,1.10884011042219,1.092065572322903,1.1025546608427632,1.0811799959040265,1.0991489747307297,1.081744172556444,1.1036594593752553,0.9146674636115605,1.0589391031278312,1.0773385261490196,1.0942579378311703,1.055078200969447,1.0527184652188277,1.0655185453412894,1.0717355205750365,1.0511596009513475,1.0637027526640404,1.0418986715305454,1.0510696559144213,1.0708509632882215,0.9530973034997843,1.074279553350814,1.076666041376703,1.0832927599234274,1.0544512886917188,1.025248992761916,1.0623249505145202,1.0359536821205777,1.0383556891282586,1.034451162508057,1.1065005819514575,1.0990608651989306,1.0370809388671838,0.9039341221052437,1.028491608823493,1.0311042063517086,1.0563732836773485,1.0103243159664548,1.017720076244473,1.0040016141654735,1.0089342449042813,0.9903204630873162,1.003282408413604,1.0536702556164004,1.0287151664071053,1.0147611086177148,1.0173793191463139,1.0388924902117533,1.028589465330986,1.0474911624599643,1.014261307744397,1.0220348551665464,1.0209836109078616,1.0286158639918836,1.025428129465106,1.0390952077064706,0.988457946464931,1.0132671540570957,1.0591524392013176,1.0224236243568683
2026-08-18,1.1107363187884693,1.0934844373926411,1.1209089066364237,1.0921792702451711,1.04740881740893,1.0809780703707241,1.0594504453858216,1.0650878793680327,1.0546681797167847,1.1268481257433587,1.1030570444078327,1.0750839822183684,0.9027957882802201,1.1252614879254264,1.138019567407676,1.1153173535434833,1.0671740155076066,1.018166932609417,1.1064701222666875,1.088173577130234,1.095882666249652,1.0777980060439791,1.1003049651821468,1.0826601623945853,1.100951473440082,0.9121754717804241,1.0600491095264974,1.077266521169398,1.0904579237963337,1.0526121799933061,1.0464404525531874,1.0649705384178731,1.0688455064179914,1.0498635782923682,1.059230735635886,1.0411546496699062,1.0494376407742312,1.068206945948005,0.9391353040276021,1.0715115658043726,1.0737580603613377,1.0774387865087072,1.0482153087082742,1.0190850058513161,1.0591429703183082,1.031437708108067,1.0333037093003783,1.0295631749277347,1.1100425764019013,1.101462861462231,1.0295389499011087,0.8962141312846338,1.0232355872151098,1.0255401921658684,1.0508172660936763,1.0065023015787817,1.0123360695706947,0.9987615991702404,1.0040082269480612,0.9869524482471181,0.9989504000321062,1.0502022501812476,1.0291611623339192,1.0094171026127692,1.015795320250473,1.0393904873868025,1.027707463560363,1.043239162811369,1.0109073004964249,1.0210768537665664,1.0201516090918474,1.0245998636531926,1.0223821218379092,1.0381512056987732,0.9840919456338478,1.01521515487104,1.0556184380821663,1.0252176141811629
2026-08-19,1.0568583257043855,1.0403184385712525,1.0736869172625905,1.048013274446696,1.0147788204135562,1.029500073561947,1.0151424576085366,1.0250898845354743,1.0253841843260687,1.1012221196057375,1.0785990381630484,1.0305519865510144,0.877955789808936,1.0952074997478751,1.1010355758576762,1.0716673599080935,1.0325440231759897,0.9895249281521471,1.0698941311577073,1.0455295847388144,1.0609426758784763,1.0488520018851553,1.0866749891976963,1.0687001854187288,1.073271467851797,0.879935467919361,1.0426611189146178,1.0567885317762298,1.0632119370685467,1.0316041983119297,1.0141924668084523,1.0431085503401707,1.0444635199895749,1.0318935973947556,1.0324147529561758,1.0228566722200325,1.0302256602988114,1.0457389584916215,0.8967213129366739,1.0530395695133565,1.0485780599062995,1.038978778320683,1.0164333037377347,0.9931710014041014,1.0333549685633168,0.996327700401149,1.002879703416137,1.0049991691987699,1.106544582393476,1.096734858775459,0.9965729576929953,0.8633701280310727,1.0051196137676492,1.005800208288779,1.0304412893494084,0.9900523229833732,0.9915480881783606,0.9802336160514018,0.985800250850477,0.9719464699655626,0.9811344211790031,1.03756427055855,1.0255311787345347,0.9914211164998039,1.0057333061562326,1.032842503424773,1.0195994779767015,1.0314951718464662,1.0014133240728789,1.009560869785631,1.012437624254935,1.01406587430523,1.01372214583004,1.026905223195032,0.9721379633322541,1.001889167608781,1.0387184587313039,1.0190476146567864
2026-08-20,1.0530163266003394,1.0362904384886675,1.0697469162261852,1.047767272227232,1.0109568242027536,1.025784072892906,1.01228245381838,1.0261938799582708,1.022648186720832,1.1004681177029203,1.077657036323473,1.0331700012052587,0.8831017873883106,1.0967635021379567,1.104151574390192,1.0728473619552925,1.0342500162195454,0.9911249298275183,1.072568129682678,1.0470035858277287,1.061816668089217,1.0510960028487053,1.0873989865785465,1.0690681826924258,1.080487480006281,0.8886874577351059,1.0435851127885325,1.0612585393976206,1.0686819539022852,1.0379582074725755,1.0184904685634126,1.047816557108578,1.0495115345097095,1.0379196045944292,1.0361607520149467,1.0243466709592555,1.0310756517293367,1.0483549695085097,0.902139310275602,1.0620755496516596,1.0550920442871403,1.0398247631131734,1.0168052904138585,0.992732978694153,1.0396049523248712,0.9969856836534695,1.0029156894433222,1.004603146293374,1.1144065932568759,1.106228872234668,1.0028769347110023,0.8671141252047931,1.008569599543613,1.0140121999769556,1.0393912793931208,1.0011643098640006,1.0028940808226265,0.9879916075204496,0.9945682403586779,0.9828164570259881,0.9935524140901122,1.0407662509730031,1.0341471672642082,0.997461103895839,1.0029473297774452,1.0431085146348935,1.0344414879633002,1.044605181602941,1.0142573187025243,1.020162867614286,1.0267856330858882,1.0266838826661435,1.0260641406693038,1.0379272211662187,0.9796959566784964,1.0084391608452166,1.0519824619864835,1.031333614228656
2026-08-21,1.081068319219554,1.0623664339704242,1.097048910298623,1.0712672664695075,1.0313408227075942,1.051670069193825,1.03797445073865,1.0480198767600384,1.0422401879231393,1.1143261326292278,1.0912070505097229,1.0532079931484157,0.8832137838252371,1.1114294955277693,1.1202815751804396,1.092467365462874,1.049754020604432,1.0070409356043897,1.088770129677925,1.065731589779339,1.0774706719391023,1.0677140099205666,1.0977609731279212,1.0799401707690655,1.095555474009153,0.8878454636658032,1.052979108261735,1.067286525062115,1.079913935619674,1.0464301927603457,1.0314704624751123,1.0533205427728847,1.059863518785243,1.0457215919943044,1.0480427465229913,1.0407446733466645,1.053217663532589,1.0597049578358784,0.9027632944405238,1.066673556073395,1.0637300481462353,1.0550847681761697,1.0290452888353843,1.0045549875327018,1.048406957009117,1.010749687977669,1.0142576878109184,1.0148631555578074,1.1161165794812782,1.1052648612453202,1.0108389510838518,0.8674441144181251,1.0087675968805079,1.0137421967060931,1.0409232721010955,1.0075563174029611,1.0089000835086253,0.9874676040147193,0.9955542342433743,0.9890464649261353,0.9987444162210928,1.0408622517110062,1.0304391647341662,0.9957471114689438,1.0050573220368604,1.0419965011325154,1.0331154796207775,1.0436071753959004,1.0123153104487255,1.0195268560448523,1.0254596251397163,1.0253258768598517,1.0241321322816521,1.036745208998651,0.9794999520915793,1.0031871596810866,1.0523404577646052,1.0317076073211189
2026-08-24,1.0688061435382334,1.0475566403150012,1.0807658911063653,1.0577529120539158,1.0179039383159643,1.0378341071219435,1.0238496902452594,1.0354125047341702,1.0293127869398226,1.1094394171742,1.0864355927257137,1.0415080214883539,0.8756525084098274,1.110394499078538,1.1161936797990328,1.0827700183665798,1.038269684318645,0.9985251042078207,1.0851546730157646,1.0570079536729462,1.066432675352139,1.059518403458393,1.1091590675982566,1.0912574780312514,1.0904983837142468,0.8748467031351924,1.0528573587296313,1.0647039339228397,1.074237487234298,1.0486074460623123,1.0331408339169503,1.0507566214914466,1.0552001194471172,1.0488185689902247,1.0523124489306344,1.0357282440680164,1.051016454680917,1.0556956654966907,0.887344740615461,1.0706315141602267,1.0650425707024813,1.0523039525999442,1.02008408039909,0.9969777784889017,1.0483433420275963,1.0075696653194475,1.00523549997387,1.0059907716595702,1.1216012629465,1.1046579131871244,1.0095085384978963,0.8543245830379467,1.0061791037850891,1.0129456808747033,1.039374702162981,1.0100070097042,1.0074439907373192,0.9871074138445372,0.9951121382474134,0.9923227833986668,0.9983964233724978,1.040323769850104,1.0296184850985362,0.9953732232787111,1.0004152062767138,1.0470610649419256,1.0371774851910274,1.0459484212608035,1.016412934054391,1.022608467824467,1.0299633775383934,1.0285131240276681,1.0290175810080613,1.0405208215166273,0.9754600360798316,1.001600187109109,1.0524926774151089,1.0326381049992874
2026-08-25,1.0695701579888095,1.043496653104664,1.0754098926051263,1.045934912677426,1.0017719381432382,1.0338061184336902,1.0188416902468223,1.0245945034737374,1.013510784159658,1.1168694194070454,1.091965590338907,1.0394140089998871,0.8779845229426608,1.101864494375789,1.1064936825254523,1.075632012947877,1.0323616725018698,0.9897950856093106,1.0757806737194802,1.0516719465197244,1.0611326606975309,1.050362381859483,1.107693066202514,1.090041476014617,1.0885683693965904,0.8696627138882708,1.0486033671866946,1.0574539359101929,1.070585481428713,1.0423534415217324,1.0289588366499702,1.042942625216093,1.0514521146479205,1.0424825652963137,1.0460944522605367,1.0407082444711138,1.0549784479916742,1.0528036544743862,0.8853067510256728,1.0669975212752203,1.0586145746624183,1.049189958680644,1.0135640856100065,0.9873477763142051,1.0420593465782653,1.0033056717460942,0.9982535052704058,0.9978547711568373,1.1230492505174428,1.1078399101918228,1.0046665287364205,0.8498445980471141,1.0064611029326058,1.0108756749283765,1.0361547013091224,1.0063130098166748,1.0024699918492852,0.9855214080697081,0.9924781372411721,0.9890367823730292,0.9932504237291553,1.040049766886249,1.0288204724810226,0.9948412084310178,1.00583119667499,1.0433510502740222,1.0315114696190155,1.0423424116454527,1.0141249227075992,1.0217564554678218,1.02428136156542,1.0251091135831187,1.026841568116763,1.0397628088662774,0.9766240406170459,1.0026921830075397,1.0483246679362757,1.0283901152996737
2026-08-26,1.0750401431332497,1.0510346424952814,1.0802878841627208,1.0511288988140335,1.0080619312211345,1.0414861101829884,1.0239716817678357,1.030426490518994,1.0204187786431413,1.124963425621429,1.0992776019373387,1.0422040202090175,0.8877825089605167,1.1092324920872043,1.1149016766891942,1.081872014816336,1.0367096768982482,0.995509094922385,1.0836286690066117,1.0577399493138,1.065092666080947,1.0562843904774806,1.1143890759387571,1.0965214856225303,1.0959243815333963,0.8849907144944275,1.052415373254877,1.0606739521543918,1.0727895027587067,1.0462754572874515,1.0308888481524192,1.0460226391524818,1.0535961338556121,1.046250579162478,1.0482364632919214,1.0465582419190826,1.0610824537348145,1.053765678013201,0.9033487438317602,1.0729455144329048,1.0662645690804524,1.0564739496653974,1.0209200701675207,0.9943937703623055,1.0497133407852246,1.0099516622808968,1.004755489870402,1.0043107662776318,1.1286732681047618,1.1122739170386442,1.0121005166611616,0.857812594022212,1.019329091321761,1.025065664059553,1.0490106963146277,1.0169970046438006,1.0118959789358366,0.9993573974138562,1.0050801329910395,0.9998807786197553,1.0024244113859269,1.0471817774276246,1.0341904872700043,1.007817208171978,1.0097352001834938,1.052981066319364,1.0423834848843792,1.0527744254864038,1.0237749395157498,1.029466483523879,1.0350913772631039,1.035315127699452,1.0364715861269682,1.0476808367866732,0.9884460317137774,1.011662178383341,1.054486684593204,1.0348381231686534
2026-08-27,1.0900441599067379,1.0680046620988688,1.0970879001037703,1.0620089230491352,1.0131919448214086,1.0575081283141363,1.0389836972596957,1.0394425124754865,1.0241847907953885,1.134535429676366,1.1069375983034364,1.0550820320873975,0.8961065102230662,1.119972503053433,1.1213196817630957,1.0931360147756395,1.0500056722152358,1.0020310831718091,1.0901606745541033,1.0702739496578153,1.0794846622806424,1.0642263804174352,1.108599078233327,1.090915488067808,1.1066523777830548,0.8962107057139219,1.0603053708755796,1.0695799463851212,1.0790615046310386,1.054617454730951,1.041344844644199,1.0549886338267256,1.0587641375364854,1.053300577989676,1.0547584605558116,1.0532582435403894,1.065212458472837,1.0619136716068514,0.9153227288336253,1.0741915208079351,1.0691965806488333,1.0656239605188578,1.0338420839839235,1.0023837785299283,1.053337351790076,1.0178396730568966,1.0167675033357941,1.0124687727510806,1.1289992610056887,1.117275915685859,1.0147045398001877,0.8647425877564068,1.0173811068031,1.0258776833576222,1.050100704169873,1.0172530132692954,1.0106319859531743,1.0000514173016597,1.0058481416717913,1.0001087881426405,1.001020420072796,1.0465337819534428,1.0372464872314109,1.0087772181051102,1.0221892061078102,1.0499750594434138,1.0438854830633897,1.053066420446414,1.0252269234416307,1.0321884575993125,1.0368673754382485,1.035885123851306,1.0383535705447975,1.0505628130926459,0.986008022711278,1.0113301746004988,1.059290665199777,1.0407021183301417
2026-08-28,1.0864781535865227,1.066112647715192,1.0924538961698902,1.061020918081051,1.0137999414489614,1.0558721144358822,1.034985692619752,1.0385385092031774,1.025176788930433,1.1313454150343434,1.1040155959790285,1.0572400255574166,0.8951745112759636,1.1206645044756909,1.1241596843226547,1.0927000117785777,1.05113368080447,1.005189096936758,1.0923986766422298,1.0687859479203543,1.0802286714802383,1.0679363940199673,1.1057890675069593,1.0882654775196139,1.1068723787058488,0.8977667080964493,1.0692773860105975,1.0776359628129475,1.0809255158464355,1.0565014701226338,1.0422068545635033,1.063816649397088,1.0606681477681112,1.056104593217886,1.0560064704744887,1.052324249881558,1.064110447088224,1.063619686023363,0.9116187398530646,1.0767195151295197,1.0734025766824067,1.0639579562370454,1.0315920832955459,1.0017017799870727,1.0575213495642786,1.017093670031321,1.0150415027704849,1.011320773437655,1.1246692589436866,1.1090019176405077,1.015068516060882,0.8648185905729601,1.019929106047644,1.027493684322134,1.0522347108191474,1.0197710162423306,1.015161981883524,1.0013474177973987,1.0075881465624066,1.0024307887603472,1.0058184143224558,1.0489737800721497,1.0378784938405174,1.0114432160619227,1.027225203979484,1.0526590615105842,1.044531486745266,1.0525624233560673,1.022722926114657,1.0295344636433685,1.0372473783364342,1.0350991250963095,1.0356875721073036,1.0478548165792807,0.9806040356240528,1.007288182634447,1.0586386822591036,1.0509661280515803
